{"MSE": 117.1308660955821, "RMSE": 10.822701423192923, "R2_Score": 0.8686677954594799, "Accuracy_Percentage": 84.61961441478897}